"1","Nila","Guest","1","1"
"2","Elsa","Finn","2","1"
"2","Gaylord","Penrose","1","1"
"3","Guy","Noda","1","2"
"4","Hildegard","Ranney","1","1"
"5","Lona","Barnhouse","2","1"
"6","Jorge","Hubner","3","1"
"7","Tierra","Steidl","2","1"
"8","Brock","Lovins","1","2"
"9","Lizette","Duty","1","1"
"10","Vicki","Alberty","3","1"
"11","Willene","Thigpen","2","1"
"12","Renee","Ballantyne","1","1"
"13","Eunice","Drennon","1","3"
"14","Ora","Kellum","2","2"
"15","Kimi","Schoenberger","3","3"
"16","Ewa","Batts","1","1"
"17","Jennine","Paige","1","3"
"18","Hassie","Burbach","1","1"
"19","Jin","Wisner","2","1"
"20","Kathaleen","Tichenor","1","1"
"21","Ludivina","Baltes","1","1"
"22","Launa","Cadden","1","4"
"23","Idella","Sinha","2","1"
"24","Johnathan","Haswell","3","1"
"25","Theo","Grieb","2","2"
"26","Margret","Fandel","1","2"
"27","Doyle","Granier","1","1"
"28","Ruthann","Cordero","3","3"
"29","Sunday","Ledonne","2","3"
